offer_id,supplier_group_id,product_code,name,prom_category_name
567,c4_41,000000567,Патрубок для унитаза 155мм эксцентрик пластик Ø110 VIEGA 103231,"Комплектуючі, запчастини та витратні матеріали для сантехніки"
568,c4_41,000000568,Патрубок для унитаза 150мм пластик Ø110 VIEGA 103668,"Комплектуючі, запчастини та витратні матеріали для сантехніки"
569,c4_41,000000569,Патрубок для унитаза 250мм пластик Ø110  VIEGA 101312,"Комплектуючі, запчастини та витратні матеріали для сантехніки"
570,c4_41,000000570,Патрубок для унитаза 400мм пластик Ø110 VIEGA 101831,"Комплектуючі, запчастини та витратні матеріали для сантехніки"
1956,c4_30,000001956,Держатель для освежителя воздуха Perfect Sanitary Appliances RM 1311,Аксесуари для ванних кімнат
2234,c4_41,000002234,Розетка разборная двухсоставная Ø110 VIEGA 101343,"Комплектуючі, запчастини та витратні матеріали для сантехніки"
2718,c4_52,000002718,Угловая шланговая насадка VIEGA 1813  1/2″х3/4″ (107949),Штуцери для труб
3047,c4_89,000003047,Крепление для смесителя внутренняя резьба Vsplast PPR 20*1/2″ ** 2024,Косинці для труб
3158,c4_52,000003158,Шланговая насадка VIEGA с накидной гайкой 3/4″х1″ (104276),Штуцери для труб
3461,c4_89,000003461,Крепление Vsplast PPR ф 20**  1029,"Хомути, затискачі"
3462,c4_89,000003462,Крепление Vsplast PPR ф 25**  1029,"Хомути, затискачі"
3463,c4_89,000003463,Крепление Vsplast PPR ф 32**  1029,"Хомути, затискачі"
3465,c4_89,000003465,Кран радиаторный прямой Vsplast PPR ф20x1/2″ 2025,Запчастини і комплектуючі для радіаторів
3466,c4_89,000003466,Кран радиаторный прямой Vsplast PPR ф25x3/4″ 2025,Запчастини і комплектуючі для радіаторів
3467,c4_89,000003467,Кран радиаторный угловой Vsplast  PPR ф20x1/2″ 2026,Запчастини і комплектуючі для радіаторів
3480,c4_89,000003480,Кран радиаторный угловой Vsplast  PPR ф25x3/4″ 2026,Запчастини і комплектуючі для радіаторів
3571,c4_89,000003571,Крепление для смесителя внутренняя резьба Vsplast PPR 25*1/2″  2024,Косинці для труб
3867,c4_30,000003867,Планка настенная для подвешивания кухонных принадлежностей 102 (900 мм),Аксесуари для ванних кімнат
4151,c4_52,000004151,Шланговая насадка VIEGA с разъемным соединением 3/4″х3/4″х1″ (109707),Штуцери для труб
4308,c4_89,000004308,Крепление двойное Vsplast PPR ф 20  1364,"Хомути, затискачі"
4309,c4_89,000004309,Крепление двойное Vsplast PPR ф 25  1365,"Хомути, затискачі"
4362,c4_89,000004362,Вентиль Vsplast PPR ф20  1019,Вентилі
4363,c4_89,000004363,Вентиль Vsplast PPR ф25  1019,Вентилі
4364,c4_89,000004364,Вентиль Vsplast PPR ф32  1019,Вентилі
4365,c4_89,000004365,Вентиль Vsplast PPR ф40  1019,Вентилі
4661,c4_52,000004661,Шланговая насадка VIEGA с разъемным соединением 1/2″х1/2″х3/4″ (105648),Штуцери для труб
4830,c4_89,000004830,Вентиль Vsplast PPR ф50  1019,Вентилі
5213,c4_30,000005213,"KB 9931 Тримач для рушників подвійний поворотній 45 см, латунь,",Тримачі рушників
5727,c4_52,000005727,"Соединение прямое зажимное с внутренней резьбой DN15(19,3-22,0 мм) х 1/2″ IK AGAflex","Муфти для труб, монтажні гільзи"
5728,c4_52,000005728,"Соединение прямое зажимное с внутренней резьбой DN20(24,3-27,5 мм) х 3/4″ IK AGAflex","Муфти для труб, монтажні гільзи"
5729,c4_52,000005729,"Соединение прямое зажимное с внутренней резьбой DN25(31,2-34,4 мм) х 1″ IK AGAflex","Муфти для труб, монтажні гільзи"
5730,c4_52,000005730,"Соединение прямое зажимное с внутренней резьбой DN32(39,3-43,1 мм) х 1 1/4″ IK AGAflex","Муфти для труб, монтажні гільзи"
5731,c4_52,000005731,"Соединение прямое зажимное с внутренней резьбой DN40(47,7-51,7 мм) х 1 1/2″ IK AGAflex","Муфти для труб, монтажні гільзи"
5732,c4_52,000005732,"Соединение прямое зажимное с внутренней резьбой DN50(59,5-63,8 мм) х 2″ IK AGAflex","Муфти для труб, монтажні гільзи"
5733,c4_52,000005733,"Соединение прямое зажимное с наружной резьбой DN15(19,3-22,0мм) х 1/2″ AK AGAflex","Муфти для труб, монтажні гільзи"
5734,c4_52,000005734,"Соединение прямое зажимное с наружной резьбой DN20(24,3-27,5мм) х 3/4″ AK AGAflex","Муфти для труб, монтажні гільзи"
5735,c4_52,000005735,"Соединение прямое зажимное с наружной резьбой DN25(31,2-34,4мм) х 1″ AK AGAflex","Муфти для труб, монтажні гільзи"
5736,c4_52,000005736,"Соединение прямое зажимное с наружной резьбой DN32(39,3-43,1 мм) х 1 1/4″ AK AGAflex","Муфти для труб, монтажні гільзи"
5737,c4_52,000005737,"Соединение прямое зажимное с наружной резьбой DN40(47,7-51,7 мм) х 1 1/2″ AK AGAflex","Муфти для труб, монтажні гільзи"
5738,c4_52,000005738,"Соединение прямое зажимное с наружной резьбой DN50(59,5-63,8 мм) х 2″ AK AGAflex","Муфти для труб, монтажні гільзи"
7929,c4_88,000007929,Ключ ПНД Vsplast для закручивания гаек  8001,"Фітинги для труб, загальне"
8241,c4_60,000008241,"202005 Шланг з подовжувачемем для кухні,пінообразуючий(внут.різьба/9л) Tucai Made in Spain",Запчастини для змішувачів
8532,c4_89,000008532,Розбірне з&apos;єднання труба-труба(с накидной гайкой ЗР+ВР)Vsplast PPR ф20х3/4″ ** 2020,"Муфти для труб, монтажні гільзи"
8533,c4_89,000008533,Розбірне з&apos;єднання труба-труба(с накидной гайкой ЗР+ВР)Vsplast PPR ф25х1″ ** 2020,"Муфти для труб, монтажні гільзи"
8634,c4_89,000008634,Кран радиаторный угловой PPR ф20x1/2″ 2026,Запчастини і комплектуючі для радіаторів
9642,c4_60,000009642,Ограничитель потока TUCAI 202004 9л/минуту,Запчастини для змішувачів
9897,c4_30,000009897,Поручень настенный  движущийся 600,Аксесуари для ванних кімнат
9898,c4_30,000009898,Поручень прямой 800,Аксесуари для ванних кімнат
11824,c4_60,000011824,Фитинг для подключения осмоса Globus Lux GQF-M6-ADAPTER,Комплектуючі до побутових фільтрів
12267,c4_30,000012267,Держатель для фена Perfect Sanitary Appliances SP 8155,Аксесуари для ванних кімнат
13031,c4_89,000013031,Кран радиаторный угловой PPR ф25x3/4″  2026,Запчастини і комплектуючі для радіаторів
13968,c4_30,000013968,Поручень настенно-напольный 750*800 мм правый,Аксесуари для ванних кімнат
14408,c4_41,000014408,Манжет прямой Waterstal WS 0010 LC,"Комплектуючі, запчастини та витратні матеріали для сантехніки"
14409,c4_41,000014409,Манжет эксцентричный Waterstal WS 0110 EC,"Комплектуючі, запчастини та витратні матеріали для сантехніки"
14993,c4_60,000014993,Трубка для удлинения штанги Globus Lux T300-TUBE,Запчастини для змішувачів
15980,c4_89,000015980,Крепление Kalde PPR 20  29020 ( 250 шт  в упаковке ),"Хомути, затискачі"
15981,c4_89,000015981,Крепление Kalde PPR 25  29025 ( 200 шт  в упаковке ),"Хомути, затискачі"
15982,c4_89,000015982,Крепление Kalde PPR 32  29032 ( 100 шт  в упаковке ),"Хомути, затискачі"
15983,c4_89,000015983,Крепление Kalde PPR 40  29040 ( 100 шт  в упаковке ),"Хомути, затискачі"
16000,c4_89,000016000,Настенная планка Kalde PPR ф20х1/2  21C20,Косинці для труб
16001,c4_89,000016001,Настенная планка Kalde PPR ф25х1/2  21C25,Косинці для труб
16044,c4_89,000016044,Кран радиаторный прямой Kalde PPR ф20x1/2  22009,Запчастини і комплектуючі для радіаторів
16045,c4_89,000016045,Кран радиаторный прямой Kalde PPR ф25x3/4  22011,Запчастини і комплектуючі для радіаторів
16046,c4_89,000016046,Кран радиаторный угловой Kalde PPR ф20x1/2  22013,Запчастини і комплектуючі для радіаторів
16047,c4_89,000016047,Кран радиаторный угловой Kalde PPR ф25x3/4  22015,Запчастини і комплектуючі для радіаторів
16048,c4_89,000016048,Вентиль Kalde 20  2020,Вентилі
16049,c4_89,000016049,Вентиль Kalde 25  2025,Вентилі
16050,c4_89,000016050,Вентиль Kalde 32  2032,Вентилі
16411,c4_89,000016411,Крепление двойное Kalde PPR 20  29051 ( 100 шт  в упаковке ),"Хомути, затискачі"
16412,c4_89,000016412,Крепление двойное Kalde PPR 25  29052  ( 50 шт  в упаковке ),"Хомути, затискачі"
16539,c4_89,000016539,Пятерник Kalde PPR  ф25х25  19251,Хрестовини
16552,c4_89,000016552,Пятерник Kalde PPR  ф20х20  19250,Хрестовини
16919,c4_89,000016919,Крепление двойное Kalde PPR 32  29052 ( 50 шт  в упаковке ),"Хомути, затискачі"
16925,c4_89,000016925,Вентиль радиаторный прямой Kalde PPR ф20x1/2  22000,Запчастини і комплектуючі для радіаторів
17048,c4_41,000017048,Компенсационный патрубок VSplast 50 мм,"Муфти для труб, монтажні гільзи"
17049,c4_41,000017049,Компенсационной патрубок VSplast 110мм,"Муфти для труб, монтажні гільзи"
17438,c4_89,000017438,Вентиль радиаторный угловой Kalde PPR ф20x1/2  22001,Запчастини і комплектуючі для радіаторів
17871,c4_89,000017871,Вентиль радиаторный прямой Kalde PPR ф20x1/2 (белый)  22000,Запчастини і комплектуючі для радіаторів
17872,c4_89,000017872,Вентиль радиаторный угловой Kalde PPR  ф20x1/2 (белый)  22001,Запчастини і комплектуючі для радіаторів
17873,c4_89,000017873,Кран радиаторный прямой Kalde PPR ф20x1/2 (белый)  22010,Запчастини і комплектуючі для радіаторів
17874,c4_89,000017874,Кран радиаторный прямой Kalde PPR ф25x3/4 (белый)  22011,Запчастини і комплектуючі для радіаторів
17875,c4_89,000017875,Кран радиаторный угловой Kalde PPR ф20x1/2 (белый)  22013,Запчастини і комплектуючі для радіаторів
17876,c4_89,000017876,Кран радиаторный угловой Kalde PPR ф25x3/4 (белый)  22014,Запчастини і комплектуючі для радіаторів
17879,c4_89,000017879,Настенная планка Kalde PPR  ф20х1/2 (белый)  21C20,Косинці для труб
17888,c4_89,000017888,Крепление двойное Kalde PPR  20 (белый)  29051 ( 100 шт  в упаковке ),"Хомути, затискачі"
17889,c4_89,000017889,Крепление Kalde PPR 20 (белый)  29020 ( 250 шт  в упаковке ),"Хомути, затискачі"
17890,c4_89,000017890,Крепление двойное Kalde PPR  25 (белый)  29052 ( 50 шт  в упаковке ),"Хомути, затискачі"
17891,c4_89,000017891,Крепление Kalde PPR 25 (белый)  29025 ( 200 шт  в упаковке ),"Хомути, затискачі"
17892,c4_89,000017892,Крепление Kalde PPR 32 (белый)  29032 ( 100 шт  в упаковке ),"Хомути, затискачі"
17893,c4_89,000017893,Крепление Kalde PPR 40 (белый)  29040 ( 100 шт  в упаковке ),"Хомути, затискачі"
18126,c4_60,000018126,Удлинители TOPAZ SH-220-2-М10 (2шт),Запчастини для змішувачів
18526,c4_30,000018526,Поручень прямой 600,Аксесуари для ванних кімнат
18529,c4_30,000018529,Поручень прямой 400,Аксесуари для ванних кімнат
18531,c4_30,000018531,Поручень настенный не движущийся 600,Аксесуари для ванних кімнат
19127,c4_41,000019127,Грибок VSplast  50мм,"Каналізаційне обладнання, загальне"
19128,c4_41,000019128,Грибок VSplast 110мм,"Каналізаційне обладнання, загальне"
19160,c4_89,000019160,Кран радиаторный угловой Kalde PPR ф25x1/2  22014,Запчастини і комплектуючі для радіаторів
19692,c4_89,000019692,Кран радиаторный прямой Kalde PPR ф25x1/2  22010,Запчастини і комплектуючі для радіаторів
20249,c4_60,000020249,Удлинители TOPAZ SH-220-2-М8 (2шт),Запчастини для змішувачів
20290,c4_30,000020290,Держатель лейки Sliding Hook к Системам SBT1-SH-05 SUS Круглый,"Комплектуючі, запчастини та витратні матеріали для сантехніки"
21351,c4_60,000021351,Кронштейн для душевой лейки TOPAZ TP-400-00,"Комплектуючі, запчастини та витратні матеріали для сантехніки"
21352,c4_60,000021352,Кронштейн для душевой лейки TOPAZ TP-400-BL,"Комплектуючі, запчастини та витратні матеріали для сантехніки"
21540,c4_60,000021540,Удлинитель TOPAZ T-6105-CH-V 1/2″ НВ (2шт),Запчастини для змішувачів
22496,c4_60,000022496,Кронштейн для лейки TOPAZ TP-385L,"Комплектуючі, запчастини та витратні матеріали для сантехніки"
24408,c4_41,000024408,Грибок VSplast 110мм наружный,"Каналізаційне обладнання, загальне"
24410,c4_41,000024410,Компенсационной патрубок VSplast 110мм наружній,"Муфти для труб, монтажні гільзи"
25371,c4_30,000025371,Поручень настенный  движущийся 750,Аксесуари для ванних кімнат
25451,c4_52,000025451,Трубка прямая 6мм латунная 1651Б,Штуцери для труб
25452,c4_52,000025452,Трубка прямая 8мм латунная 1633Б.,Штуцери для труб
25453,c4_52,000025453,Трубка прямая 10мм латунная 1629Б.,Штуцери для труб
25454,c4_52,000025454,Трубка прямая 12мм латунная 1647Б.,Штуцери для труб
25455,c4_52,000025455,Трубка прямая 14мм латунная 1653Б.,Штуцери для труб
25456,c4_52,000025456,Трубка прямая 16мм латунная 1661Б.,Штуцери для труб
25461,c4_52,000025461,Трубка тройная 6мм латунная 1638Б,Штуцери для труб
25462,c4_52,000025462,Трубка тройная 8мм латунная 1627Б,Штуцери для труб
25464,c4_52,000025464,Трубка тройная 12мм латунная 1646Б,Штуцери для труб
25469,c4_52,000025469,Трубка тройная 14мм латунная 1657Б,Штуцери для труб
25470,c4_52,000025470,Трубка тройная 16мм латунная 1654Б,Штуцери для труб
25471,c4_52,000025471,Трубка тройная 18мм латунная 1656Б,Штуцери для труб
25472,c4_52,000025472,Трубка тройная 20мм латунная 1658Б,Штуцери для труб
25473,c4_52,000025473,Трубка угловая 18мм латунная 1695Б,Штуцери для труб
25474,c4_52,000025474,Трубка угловая 20мм латунная 1693Б,Штуцери для труб
25475,c4_52,000025475,Трубка прямая 20мм латунная 1659Б.,Штуцери для труб
25734,c4_52,000025734,Трубка угловая 16мм латунная 1694Б,Штуцери для труб
25874,c4_41,000025874,"Гофра армированная для унитаза, длина 330 мм ″Waterstal″","Комплектуючі, запчастини та витратні матеріали для сантехніки"
25878,c4_41,000025878,"Гофра армированная для унитаза раздвижная, длинна 558 мм ″Waterstal″","Комплектуючі, запчастини та витратні матеріали для сантехніки"
26601,c4_60,000026601,Душевая стоп-лейка Globus Lux HY-2031,Гігієнічні душі
26602,c4_60,000026602,Душевая стоп-лейка Globus Lux HY-2031-ST,Гігієнічні душі
26603,c4_60,000026603,Душевая стоп-лейка Globus Lux HY-2033-GP,Гігієнічні душі
26604,c4_60,000026604,Душевая стоп-лейка Globus Lux HY-2033-BB,Гігієнічні душі
26848,c4_30,000026848,Набор аксесуаров для ванной SONIA ASTRAL KIT( 6 предметов) 181285,Аксесуари для ванних кімнат
28182,c4_41,000028182,Патрубок для унитаза 250мм пластик″Waterstal″ W 250,"Комплектуючі, запчастини та витратні матеріали для сантехніки"
28183,c4_41,000028183,Патрубок для унитаза эксцентрик″Waterstal″ W 010,"Комплектуючі, запчастини та витратні матеріали для сантехніки"
28330,c4_30,000028330,"Комплект арматуры для сливного бачка с боковой подачей воды 1/2″, с двумя режимами слива АБк2-01","Комплектуючі, запчастини та витратні матеріали для сантехніки"
29902,c4_60,000029902,Fixing Kit for SUS SQ101/201--Набір для кріплення змішувачів SQ-101/201 ( різьба+гайка+прокладки),Запчастини для змішувачів
30409,c4_60,000030409,Трубка для удлинения штанги Globus Lux ST350-TUBE,Запчастини для змішувачів
30769,c4_52,000030769,Уголк 1/2″НН никелированный NL332S OPTIMUM,Косинці для труб
30850,c4_52,000030850,Эксцентрик 3/4″х1/2″ НН никелированный NE432S OPTIMUM,Запчастини для змішувачів
32078,c4_30,000032078,"Поручень настенный для умивальника 55 см , левосторонний, неподвижный",Аксесуари для ванних кімнат
