prom_category_name,portal_category_id
Інсталяційні системи,13240222
Аксесуари для ванних кімнат,154003
Аксесуари для кухонних мийок,13240224
Біде,130113
Вентилі,13100613
"Вентилі, клапани та муфти",300926
Виливи,13240216
Витратні матеріали для басейнів,180807
"Водонагрівачі, бойлери, колонки",607
Втулки під фланець,13100623
"Відводи, обходи",13100603
Відра для сміття,151412
Газові котли,14210101
Гнучкі шланги для підключення води та газу,13240206
Групи безпеки,13240130
Гігієнічні душі,13240225
Гідравлічні ручні преси,14200909
Гідроакумулятори,13240412
Датчики для розумного будинку,153504
Дзеркала для ванних кімнат,130102
Димоходи та комплектуючі,13240302
Диспенсери,130105
Диспоузери та утилізатори харчових відходів,13240221
"Дощувателі, зрошувачі, крапельниці для поливу",1250342
Душові набори й системи,130119
Душові штанги,130183
Електричні котли,14210102
З'єднання «американка»,13100648
Заглушки,13100602
Запчастини для змішувачів,13240217
Запчастини та аксесуари для насосів,13241405
Запчастини і комплектуючі для радіаторів,13240115
Згони,13100624
Йоржики для унітазу,154001
"Каналізаційне обладнання, загальне",13240508
Карнизи для ванної,154008
Картриджі для побутових фільтрів води,13240417
Клапани,13100633
Колектори,13240211
Комплектуючі для водонагрівачів,13241102
Комплектуючі для гідроакумуляторів,13240414
Комплектуючі для лічильників (побутові),13241502
Комплектуючі для лічильників побутові,13241502
Комплектуючі для опалювального обладнання,13240122
Комплектуючі до запірної арматури,13100647
Комплектуючі до побутових фільтрів,13240409
Комплектуючі та аксесуари для теплої підлоги,810305
"Комплектуючі, запчастини та витратні матеріали для сантехніки",13240219
Контргайки,13100646
Контролери розумного будинку,153503
Косинці для труб,13100601
"Крани, змішувачі",130103
Кришки для унітазів,130184
"Кульові, коркові крани",13100606
Кухонні мийки,1302
Кільця гумові,801214
Лійки для душу,130106
Лічильники води,15370405
Манометри,15370801
Мильниці,130121
"Муфти для труб, монтажні гільзи",13100610
Насадки та жала для паяльників,142711
Насадки і перехідники для сантехнічного обладнання,130116
Насосні станції,140305
Ніпелі,13100625
Обладнання для будівництва та ремонту трубопроводів,1435
Обладнання для зварювання та паяння пластикових труб,144007
"Огорожі та перегородки для ванної, душа, туалету",13240220
Перехідники,13100607
Побутові газові фільтри,13240601
Побутові магістральні фільтри,13240416
Побутові насоси,13241401
Побутові проточні фільтри,13240402
Побутові терморегулятори,13240901
Побутові фільтри зворотного осмосу,13240408
Повітровідводи,13100627
Подовжувачі для труб,13100645
Полки і етажерки для ванних кімнат,13018005
Прокладки гумові,801216
Підставки і стакани для зубних щіток,154009
Пістолети і насадки для поливу,1250343
Пісуари,130124
Радіатори опалення,13240104
Ревізії для труб,13100651
Регулятори тиску,15370803
Розширювальні баки,13240113
"Ручні труборізи, ножиці для труб",142612
Свердловинні насоси,140309
"Сифони, сантехнічні трапи",13240208
Сушарки для рук,614
Сушарки для рушників,13240205
Сіделки для труб,13100643
Твердопаливні котли,14210103
Теплові акумулятори,13241103
Теплоізоляція для труб,133409
Термостатичні радіаторні клапани,13100626
Тримачі для паперу,130115
Тримачі рушників,130122
Труби з поліетилену,131020
Труби з поліпропілену,131019
Трійники,13100611
Умивальники і п'єдестали,130110
"Унітази, бачки",130108
Фени для волосся,617
Фланці,13100608
Фільтри грубої очистки,13100629
"Фітинги для труб, загальне",13100609
Фітинги та крани для поливальних систем,1250346
"Хомути, затискачі",420509
Хрестовини,13100642
Шланги для душу,13240223
Шланги для поливу,1250354
Шторки для ванни і душу,154006
Штуцери для труб,13100644
