supplier_category_id,supplier,supplier_category_path,offers_count,prom_category_name,portal_category_id,reviewed_marker_original
c1_796,SANDI,Котельное оборудование / Запчасти  для котлов / Запчасти для газовых котлов,470,Комплектуючі для опалювального обладнання,13240122,
c1_535,SANDI,Керамика / Комплект с инсталляцией / Унитаз с инсталляцией и клавишей,356,Інсталяційні системи,13240222,
c1_513,SANDI,Смесители / Запчасти к смесителям / Разное,179,Запчастини для змішувачів,13240217,
c1_870,SANDI,Трубы и фитинги / Трубы и фитинги PPR / PPR муфты,134,"Муфти для труб, монтажні гільзи",13100610,
c1_807,SANDI,Водонагреватели / Запчасти для водонагревателей / Запчасти для электрических водонагревателей,133,Комплектуючі для опалювального обладнання,13240122,
c1_879,SANDI,Запорно-регулирующая арматура / Шланги и гибкие подводки / Шланги в оплётке для подвода воды,120,Гнучкі шланги для підключення води та газу,13240206,
c1_808,SANDI,Водонагреватели / Запчасти для водонагревателей / Запчасти для газовых колонок,112,Комплектуючі для водонагрівачів,13241102,
c1_485,SANDI,Смесители / Запчасти к смесителям / Изливы,105,Виливи,13240216,
c1_871,SANDI,Трубы и фитинги / Трубы и фитинги PPR / PPR тройники,105,Трійники,13100611,
c1_532,SANDI,Смесители / Запчасти к смесителям / Ручки,101,Запчастини для змішувачів,13240217,
c1_318,SANDI,Зеркала / Зеркала настенные / Зеркала настенные с подсветкой,98,Дзеркала для ванних кімнат,130102,
c1_837,SANDI,Трубы и фитинги / Трубы и фитинги PPR / PPR уголки,94,Косинці для труб,13100601,
c1_823,SANDI,Радиаторы отопления / Стальные панельные радиаторы / Стальные панельные радиаторы тип 22,77,Радіатори опалення,13240104,
c1_642,SANDI,Керамика / Умывальники / Умывальники накладные,70,Умивальники і п'єдестали,130110,
c1_470,SANDI,Смесители / Смесители для ванной / Смеситель для ванны с поворотным изливом,70,"Крани, змішувачі",130103,
c1_869,SANDI,Трубы и фитинги / Трубы и фитинги PPR / PPR трубы,70,Труби з поліпропілену,131019,
c1_316,SANDI,Смесители / Запчасти к смесителям / Аэраторы,63,Запчастини для змішувачів,13240217,
c1_261,SANDI,Смесители / Смесители для раковины / Смеситель для раковины низкий,63,"Крани, змішувачі",130103,
c1_904,SANDI,Запорно-регулирующая арматура / Краны шаровые / Шаровой кран для воды,60,"Кульові, коркові крани",13100606,
c1_47,SANDI,Смесители / Душевые системы / Душевая система наружного монтажа на 3 потребителя,58,Душові набори й системи,130119,
c1_14,SANDI,Смесители / Смесители для кухонной мойки / Смесители кухонные классические,58,"Крани, змішувачі",130103,
c1_882,SANDI,Запорно-регулирующая арматура / Шланги и гибкие подводки / Шланги для подключения смесителей,56,Гнучкі шланги для підключення води та газу,13240206,
c1_64,SANDI,Керамика / Унитазы / Унитазы подвесные,49,"Унітази, бачки",130108,
c1_744,SANDI,Водонагреватели / Накопительные водонагреватели / Накопительные водонагреватели с мокрым ТЭНом,47,"Водонагрівачі, бойлери, колонки",607,
c1_874,SANDI,Трубы и фитинги / Трубы и фитинги для внутренней канализации / Труба для внутренней канализации,47,Труби з поліпропілену,131019,
c1_831,SANDI,Трубы и фитинги / Трубы и фитинги для внутренней канализации / Колено для внутренней канализации,45,Косинці для труб,13100601,
c1_465,SANDI,Смесители / Запчасти к смесителям / Буксы,44,Запчастини для змішувачів,13240217,
c1_469,SANDI,Смесители / Смесители для ванной / Смеситель для ванны с литым изливом,44,"Крани, змішувачі",130103,
c1_951,SANDI,Трубы и фитинги / Латунный фитинг / Латунный ниппель,42,Ніпелі,13100625,
c1_905,SANDI,Запорно-регулирующая арматура / Краны шаровые / Шаровой кран для газа,41,"Кульові, коркові крани",13100606,
c1_486,SANDI,Смесители / Запчасти к смесителям / Картриджи,41,Запчастини для змішувачів,13240217,
c1_941,SANDI,Трубы и фитинги / Латунный фитинг / Удлинитель,41,Подовжувачі для труб,13100645,
c1_193,SANDI,Керамика / Комплектующие / Сиденье для унитаза,39,Кришки для унітазів,130184,
c1_633,SANDI,Мойки / Мойки из нержавеющей стали / Интегрированные мойки из нерж. стали,39,Кухонні мийки,1302,
c1_994,SANDI,Трубы и фитинги / Латунный фитинг / Латунный тройник,38,Трійники,13100611,
c1_955,SANDI,Трубы и фитинги / Латунный фитинг / Латунный штуцер,38,Штуцери для труб,13100644,
c1_960,SANDI,Трубы и фитинги / Латунный фитинг / Латунный переход,36,Перехідники,13100607,
c1_944,SANDI,"Трубы и фитинги / Латунный фитинг / Сгон ""Американка""",36,З'єднання «американка»,13100648,
c1_512,SANDI,Смесители / Запчасти к смесителям / Переключения,32,Запчастини для змішувачів,13240217,
c1_748,SANDI,Водонагреватели / Накопительные водонагреватели / Накопительные водонагреватели с сухим ТЭНом,31,"Водонагрівачі, бойлери, колонки",607,
c1_906,SANDI,"Запорно-регулирующая арматура / Краны шаровые / Кран ""Американка""",31,"Кульові, коркові крани",13100606,
c1_62,SANDI,Смесители / Комплектующие / Ручной душ,30,Лійки для душу,130106,
c1_129,SANDI,Смесители / Смесители для кухонной мойки / Смесители кухонные с гибким изливом,30,"Крани, змішувачі",130103,
c1_89,SANDI,Керамика / Унитазы / Унитазы напольные,29,"Унітази, бачки",130108,
c1_793,SANDI,Насосное оборудование / Погружные насосы / Погружные насосы центробежные,29,Свердловинні насоси,140309,
c1_945,SANDI,Трубы и фитинги / Латунный фитинг / Латунный уголок,29,Косинці для труб,13100601,
c1_868,SANDI,Трубы и фитинги / Трубы и фитинги PPR / PPR американки,29,З'єднання «американка»,13100648,
c1_845,SANDI,Трубы и фитинги / Трубы и фитинги для внутренней канализации / Крестовины для внутренней канализации,29,Хрестовини,13100642,
c1_834,SANDI,Трубы и фитинги / Трубы и фитинги для внутренней канализации / Тройник для внутренней канализации,29,Трійники,13100611,
c1_3,SANDI,Сифоны и трапы / Трапы / Трапы из нержавеющей стали,28,"Сифони, сантехнічні трапи",13240208,
c1_875,SANDI,Трубы и фитинги / Трубы и фитинги PPR / PPR краны и запорная арматура,28,"Кульові, коркові крани",13100606,
c1_727,SANDI,Мойки / Вместе дешевле (Мойки),27,Кухонні мийки,1302,
c1_950,SANDI,Трубы и фитинги / Латунный фитинг / Латунная муфта,27,"Муфти для труб, монтажні гільзи",13100610,
c1_959,SANDI,Трубы и фитинги / Латунный фитинг / Латунная футорка,26,Перехідники,13100607,
c1_884,SANDI,Запорно-регулирующая арматура / Приборные краны / Угловые приборные краны,25,"Кульові, коркові крани",13100606,
c1_763,SANDI,Смесители / Вместе дешевле (Смесители) / Вместе дешевле (Смесители),25,"Крани, змішувачі",130103,
c1_783,SANDI,Насосное оборудование / Циркуляционные насосы / Циркуляционный насос для систем отопления,24,Побутові насоси,13241401,
c1_386,SANDI,Керамика / Биде / Биде подвесное,22,Біде,130113,
c1_42,SANDI,Смесители / Смесители для раковины / Смеситель для раковины высокий,22,"Крани, змішувачі",130103,
c1_799,SANDI,Котельное оборудование / Запчасти  для котлов / Запчасти для электрических котлов,21,Комплектуючі для опалювального обладнання,13240122,
c1_822,SANDI,Радиаторы отопления / Стальные панельные радиаторы / Стальные панельные радиаторы тип 11,21,Радіатори опалення,13240104,
c1_525,SANDI,Смесители / Смесители для душа / Смеситель для душа наружного монтажа,21,"Крани, змішувачі",130103,
c1_728,SANDI,Керамика / Вместе дешевле (Керамика),20,"Унітази, бачки",130108,
c1_839,SANDI,Трубы и фитинги / Трубы и фитинги для внутренней канализации / Муфта для внутренней канализации,20,"Муфти для труб, монтажні гільзи",13100610,
c1_788,SANDI,Водонагреватели / Газовые колонки / Газовые колонки дымоходные,19,"Водонагрівачі, бойлери, колонки",607,
c1_877,SANDI,Запорно-регулирующая арматура / Фильтр для воды / Фильтр грубой очистки,19,Фільтри грубої очистки,13100629,
c1_533,SANDI,Смесители / Запчасти к смесителям / Шланги,19,Шланги для душу,13240223,
c1_838,SANDI,Трубы и фитинги / Трубы и фитинги PPR / PPR заглушки,19,Заглушки,13100602,
c1_842,SANDI,Трубы и фитинги / Трубы и фитинги для внутренней канализации / Редукция для внутренней канализации,19,Перехідники,13100607,
c1_912,SANDI,Запорно-регулирующая арматура / Обратный клапан / Обратный клапан с латунным штоком,18,Клапани,13100633,
c1_688,SANDI,Керамика / Умывальники / Умывальники подвесные,18,Умивальники і п'єдестали,130110,
c1_816,SANDI,Котельное оборудование / Комплектующие для котлов / Комплектующие для твердотопливных котлов,18,Комплектуючі для опалювального обладнання,13240122,
c1_646,SANDI,Аксессуары / Аксессуары для кухни / Сушилки для посуды,17,Аксесуари для кухонних мийок,13240224,
c1_908,SANDI,Запорно-регулирующая арматура / Краны шаровые / Кран с накидной гайкой,17,"Кульові, коркові крани",13100606,
c1_801,SANDI,Котельное оборудование / Автоматика / Автоматика для твердотопливных котлов,17,Комплектуючі для опалювального обладнання,13240122,
c1_33,SANDI,Смесители / Комплектующие / Душевые шланги,17,Шланги для душу,13240223,
c1_34,SANDI,Смесители / Комплектующие / Кронштейны и держатели,17,"Комплектуючі, запчастини та витратні матеріали для сантехніки",13240219,
c1_954,SANDI,Трубы и фитинги / Латунный фитинг / Латунная заглушка,17,Заглушки,13100602,
c1_161,SANDI,Аксессуары / Аксессуары для ванной комнаты / Ершики для унитаза,16,Йоржики для унітазу,154001,
c1_319,SANDI,Зеркала / Зеркала настенные / Зеркала настенные без подсветки,16,Дзеркала для ванних кімнат,130102,
c1_1017,SANDI,Система отопления / Компоненты безопасности / Предохранительные клапаны,16,Комплектуючі для опалювального обладнання,13240122,
c1_715,SANDI,Смесители / Гигиенический душ / Гигиенический душ скрытого монтажа,16,Гігієнічні душі,13240225,
c1_439,SANDI,Смесители / Смесители для биде / Смесители для биде врезные,16,"Крани, змішувачі",130103,
c1_130,SANDI,Смесители / Смесители для кухонной мойки / Смесители кухонные с вытяжной лейкой,16,"Крани, змішувачі",130103,
c1_652,SANDI,Мойки / Мойки из нержавеющей стали / Врезные мойки  из нерж. стали,15,Кухонні мийки,1302,
c1_873,SANDI,"Трубы и фитинги / Трубы и фитинги PPR / PPR крепления, хомуты и фум",15,"Хомути, затискачі",420509,
c1_1104,SANDI,Трубы и фитинги / Трубы и фитинги для наружной канализации / Труба для наружной канализации,15,Труби з поліпропілену,131019,
c1_773,SANDI,Котельное оборудование / Газовые котлы / Газовые котлы конденсационные,14,Димоходи та комплектуючі,13240302,
c1_789,SANDI,Котельное оборудование / Системы Умного Дома / Управление через Wi-Fi,14,Контролери розумного будинку,153503,
c1_745,SANDI,Котельное оборудование / Твердотопливные котлы / Твердотопливные котлы стандартные,14,Твердопаливні котли,14210103,
c1_590,SANDI,Сифоны и трапы / Сифоны / Сифоны для кухонных моек,14,"Сифони, сантехнічні трапи",13240208,
c1_17,SANDI,Сифоны и трапы / Трапы / Трапы из ABS-пластика,14,"Сифони, сантехнічні трапи",13240208,
c1_71,SANDI,Смесители / Душевые системы / Душевая система скрытого монтажа на 2 потребителя,14,Душові набори й системи,130119,
c1_1105,SANDI,Трубы и фитинги / Трубы и фитинги для наружной канализации / Колено для наружной канализации,14,Косинці для труб,13100601,
c1_22,SANDI,Аксессуары / Аксессуары для ванной комнаты / Крючки,13,Тримачі рушників,130122,
c1_814,SANDI,Котельное оборудование / Комплектующие для котлов / Комплектующие для газовых котлов,13,Димоходи та комплектуючі,13240302,
c1_711,SANDI,Смесители / Комплектующие / Верхний душ,13,Лійки для душу,130106,
c1_764,SANDI,Водонагреватели / Комбинированные водонагреватели / Комбинированные водонагреватели настенные,12,"Водонагрівачі, бойлери, колонки",607,
c1_1083,SANDI,Запорно-регулирующая арматура / Шланги и гибкие подводки / Шланги для подключения водонагревателей,12,Гнучкі шланги для підключення води та газу,13240206,
c1_923,SANDI,Инструмент / Насадки для паяльников,12,Обладнання для зварювання та паяння пластикових труб,144007,
c1_101,SANDI,Сифоны и трапы / Комплектующие / Решётки для трапов,12,"Сифони, сантехнічні трапи",13240208,
c1_546,SANDI,Сифоны и трапы / Сливные/наливные гарнитуры / Комплекты сливной/наливной арматуры,12,"Комплектуючі, запчастини та витратні матеріали для сантехніки",13240219,
c1_168,SANDI,Смесители / Смесители для кухонной мойки / Краны-водонагреватели проточные,12,"Крани, змішувачі",130103,
c1_852,SANDI,Трубы и фитинги / Трубы и фитинги для внутренней канализации / Перехід для внутрішньої каналізації,12,Перехідники,13100607,
c1_1106,SANDI,Трубы и фитинги / Трубы и фитинги для наружной канализации / Тройник для наружной канализации,12,Трійники,13100611,
c1_43,SANDI,Аксессуары / Аксессуары для ванной комнаты / Полки для ванной комнаты,11,Полки і етажерки для ванних кімнат,13018005,
c1_883,SANDI,Запорно-регулирующая арматура / Шланги и гибкие подводки / Шланги для газа белые ПВХ,11,Гнучкі шланги для підключення води та газу,13240206,
c1_885,SANDI,Запорно-регулирующая арматура / Шланги и гибкие подводки / Шланги для газа чёрные резиновые,11,Гнучкі шланги для підключення води та газу,13240206,
c1_410,SANDI,Керамика / Биде / Биде напольное,11,Біде,130113,
c1_775,SANDI,Котельное оборудование / Готовые решения / Электрический котёл,11,Електричні котли,14210102,
c1_792,SANDI,Котельное оборудование / Системы Умного Дома / Управление через Zigbee,11,Контролери розумного будинку,153503,
c1_1018,SANDI,Система отопления / Компоненты безопасности / Автоматические воздухоотводчики,11,Повітровідводи,13100627,
c1_865,SANDI,Радиаторы отопления / Комплектующие для радиаторов / Комплекты и фурнитура для радиаторов,10,Запчастини і комплектуючі для радіаторів,13240115,
c1_853,SANDI,Радиаторы отопления / Радиаторная арматура / Вентили радиаторные простого регулирования,10,Запчастини і комплектуючі для радіаторів,13240115,
c1_13,SANDI,Смесители / Комплектующие / Душевые стойки и гарнитуры,10,Душові штанги,130183,
c1_909,SANDI,Запорно-регулирующая арматура / Краны шаровые / Поливочный кран,9,Фітинги та крани для поливальних систем,1250346,
c1_888,SANDI,Запорно-регулирующая арматура / Шланги и гибкие подводки / Заливные шланги для стиральных машин,9,Гнучкі шланги для підключення води та газу,13240206,
c1_889,SANDI,Запорно-регулирующая арматура / Шланги и гибкие подводки / Сливные шланги для стиральных машин,9,Гнучкі шланги для підключення води та газу,13240206,
c1_798,SANDI,Котельное оборудование / Автоматика / Автоматика для газовых и электрических котлов,9,Побутові терморегулятори,13240901,
c1_653,SANDI,Мойки / Мойки из нержавеющей стали / Накладные мойки из нерж. стали,9,Кухонні мийки,1302,
c1_861,SANDI,Радиаторы отопления / Радиаторная арматура / Термокомплекты,9,Запчастини і комплектуючі для радіаторів,13240115,
c1_189,SANDI,Смесители / Смесители для кухонной мойки / Монокраны кухонные,9,"Крани, змішувачі",130103,
c1_922,SANDI,Инструмент / Паяльники и чехлы для паяльников,8,Обладнання для зварювання та паяння пластикових труб,144007,
c1_794,SANDI,Насосное оборудование / Погружные насосы / Погружные насосы вихревые,8,Свердловинні насоси,140309,
c1_864,SANDI,Радиаторы отопления / Комплектующие для радиаторов / Крепления для радиаторов,8,Запчастини і комплектуючі для радіаторів,13240115,
c1_1076,SANDI,Смесители / Гигиенический душ / Гигиенический душ наружного монтажа,8,Гігієнічні душі,13240225,
c1_46,SANDI,Смесители / Душевые системы / Душевая система наружного монтажа на 2 потребителя,8,Душові набори й системи,130119,
c1_149,SANDI,Смесители / Смесители для кухонной мойки / Смесители кухонные с гибким изливом и подключением фильтра,8,"Крани, змішувачі",130103,
c1_876,SANDI,Трубы и фитинги / Трубы и фитинги PPR / PPR обвод,8,"Відводи, обходи",13100603,
c1_989,SANDI,Трубы и фитинги / Утеплитель для труб,8,Теплоізоляція для труб,133409,
c1_67,SANDI,Аксессуары / Аксессуары для ванной комнаты / Стаканы,7,Підставки і стакани для зубних щіток,154009,
c1_631,SANDI,Аксессуары / Аксессуары для кухни / Ведра для мусора,7,Відра для сміття,151412,
c1_698,SANDI,Душевая программа / Гигиенический душ / Лейки для гигиенического душа,7,Гігієнічні душі,13240225,
c1_881,SANDI,Запорно-регулирующая арматура / Фильтр для воды / Фильтр с магнитом,7,Побутові магістральні фільтри,13240416,
c1_749,SANDI,Котельное оборудование / Твердотопливные котлы / Твердотопливные котлы длительного горения,7,Твердопаливні котли,14210103,
c1_735,SANDI,Насосное оборудование / Поверхностные самовсасывающие центробежные насосы / Поверхностные самовсасывающие центробежные насосы с чугунным корпусом насосной камеры,7,Побутові насоси,13241401,
c1_860,SANDI,"Радиаторы отопления / Радиаторная арматура / Кран ""Маевского""",7,Запчастини і комплектуючі для радіаторів,13240115,
c1_844,SANDI,Радиаторы отопления / Секционные радиаторы / Биметаллические радиаторы,7,Радіатори опалення,13240104,
c1_963,SANDI,Трубы и фитинги / Латунный фитинг / Латунная гайка,7,Контргайки,13100646,
c1_836,SANDI,Трубы и фитинги / Трубы и фитинги для внутренней канализации / Заглушки для внутренней канализации,7,Заглушки,13100602,
c1_859,SANDI,Трубы и фитинги / Трубы и фитинги для внутренней канализации / Резиновое уплотнение для внутренней канализации,7,Прокладки гумові,801216,
c1_23,SANDI,Аксессуары / Аксессуары для ванной комнаты / Держатели для полотенец,6,Тримачі рушників,130122,
c1_790,SANDI,Водонагреватели / Газовые колонки / Газовые колонки турбированные,6,Димоходи та комплектуючі,13240302,
c1_766,SANDI,Водонагреватели / Компоненты безопасности для водонагревателей,6,Комплектуючі для водонагрівачів,13241102,
c1_613,SANDI,Душевые кабины и боксы / Запчасти / Ролики для душевых кабин и боксов,6,"Комплектуючі, запчастини та витратні матеріали для сантехніки",13240219,
c1_914,SANDI,Запорно-регулирующая арматура / Коллекторы / Коллекторы запорно-регулирующие,6,Колектори,13240211,
c1_915,SANDI,Запорно-регулирующая арматура / Обратный клапан / Лепестковый обратный клапан,6,Клапани,13100633,
c1_880,SANDI,Запорно-регулирующая арматура / Фильтр для воды / Фильтр тонкой очистки с редуктором,6,Фільтри грубої очистки,13100629,
c1_351,SANDI,Керамика / Запчасти / Бачки для унитаза,6,"Унітази, бачки",130108,
c1_1043,SANDI,Керамика / Умывальники / Умывальники врезные мебельные,6,Умивальники і п'єдестали,130110,
c1_757,SANDI,Котельное оборудование / Буферные емкости / Теплоаккумулятор,6,Теплові акумулятори,13241103,
c1_736,SANDI,Насосное оборудование / Дренажно-фекальные насосы / Дренажные,6,Побутові насоси,13241401,
c1_778,SANDI,Насосное оборудование / Поверхностные центробежные насосы,6,Побутові насоси,13241401,
c1_858,SANDI,Радиаторы отопления / Радиаторная арматура / Краны для полотенцесушителей,6,"Кульові, коркові крани",13100606,
c1_589,SANDI,Сифоны и трапы / Сифоны / Сифоны для умывальника,6,"Сифони, сантехнічні трапи",13240208,
c1_167,SANDI,Смесители / Смесители для кухонной мойки / Смесители кухонные с подключением фильтра и вытяжной лейкой,6,"Крани, змішувачі",130103,
c1_283,SANDI,Смесители / Смесители для раковины / Смеситель для раковины с гигиеническим душем,6,"Крани, змішувачі",130103,
c1_964,SANDI,Трубы и фитинги / Латунный фитинг / Латунная врезка,6,Сіделки для труб,13100643,
c1_832,SANDI,Трубы и фитинги / Трубы и фитинги PPR / PPR втулки и фланцы,6,Втулки під фланець,13100623,
c1_833,SANDI,Трубы и фитинги / Трубы и фитинги PPR / PPR крестовины,6,Хрестовини,13100642,
c1_847,SANDI,Трубы и фитинги / Трубы и фитинги для внутренней канализации / Ревизия для внутренней канализации,6,Ревізії для труб,13100651,
c1_1108,SANDI,Трубы и фитинги / Трубы и фитинги для наружной канализации / Муфта для наружной канализации,6,"Муфти для труб, монтажні гільзи",13100610,
c1_92,SANDI,Аксессуары / Аксессуары для ванной комнаты / Держатели для туалетной бумаги,5,Тримачі для паперу,130115,
c1_145,SANDI,Аксессуары / Аксессуары для ванной комнаты / Дозаторы жидкого мыла,5,Диспенсери,130105,
c1_66,SANDI,Аксессуары / Аксессуары для ванной комнаты / Мыльницы,5,Мильниці,130121,
c1_609,SANDI,Аксессуары / Аксессуары для кухни / Дозаторы для моющего средства,5,Аксесуари для кухонних мийок,13240224,
c1_729,SANDI,Аксессуары / Вместе дешевле (Аксессуары),5,"Комплектуючі, запчастини та витратні матеріали для сантехніки",13240219,
c1_911,SANDI,Запорно-регулирующая арматура / Краны шаровые / Мини-кран,5,"Кульові, коркові крани",13100606,
c1_916,SANDI,Запорно-регулирующая арматура / Обратный клапан / Фильтр-сетка для обратного клапана,5,Клапани,13100633,
c1_878,SANDI,Запорно-регулирующая арматура / Фильтр для воды / Фильтр тонкой очистки,5,Побутові магістральні фільтри,13240416,
c1_476,SANDI,Полотенцесушители / Сушилки для полотенец электрические,5,Сушарки для рушників,13240205,
c1_862,SANDI,Радиаторы отопления / Радиаторная арматура / Термоголовки,5,Запчастини і комплектуючі для радіаторів,13240115,
c1_1016,SANDI,Система отопления / Компоненты безопасности / Группы безопасности,5,Групи безпеки,13240130,
c1_640,SANDI,Сифоны и трапы / Донные клапана / Донный клапан с переливом,5,"Комплектуючі, запчастини та витратні матеріали для сантехніки",13240219,
c1_615,SANDI,Сифоны и трапы / Сифоны / Сифоны для ванн,5,"Сифони, сантехнічні трапи",13240208,
c1_104,SANDI,Сифоны и трапы / Фановые трубы / Фановые трубы для подключения унитаза,5,"Комплектуючі, запчастини та витратні матеріали для сантехніки",13240219,
c1_399,SANDI,Смесители / Смесители встроенного монтажа / Смеситель для раковины скрытого монтажа,5,"Крани, змішувачі",130103,
c1_148,SANDI,Смесители / Смесители для кухонной мойки / Смесители кухонные с подключением фильтра,5,"Крани, змішувачі",130103,
c1_767,SANDI,Водонагреватели / Комбинированные водонагреватели / Комбинированные водонагреватели напольные,4,"Водонагрівачі, бойлери, колонки",607,
c1_722,SANDI,Душевые кабины и боксы / Душевые перегородки и двери в нишу / Шторы на ванну,4,Шторки для ванни і душу,154006,
c1_917,SANDI,Запорно-регулирующая арматура / Редуктор давления / Редуктор давления для воды,4,Регулятори тиску,15370803,
c1_903,SANDI,Запорно-регулирующая арматура / Фильтр для газа / Прямой фильтр для газа,4,Побутові газові фільтри,13240601,
c1_668,SANDI,Керамика / Умывальники / Умывальники врезные в столешницу,4,Умивальники і п'єдестали,130110,
c1_669,SANDI,Керамика / Умывальники / Умывальники врезные под столешницу,4,Умивальники і п'єдестали,130110,
c1_689,SANDI,Керамика / Умывальники / Умывальники напольные,4,Умивальники і п'єдестали,130110,
c1_760,SANDI,Котельное оборудование / Буферные емкости / Теплоаккумулятор с теплообменником,4,Теплові акумулятори,13241103,
c1_803,SANDI,Котельное оборудование / Запчасти  для котлов / Запчасти для твердотопливных котлов,4,Комплектуючі для опалювального обладнання,13240122,
c1_754,SANDI,Котельное оборудование / Электрические котлы / Электрические котлы трёхфазные,4,Електричні котли,14210102,
c1_737,SANDI,Насосное оборудование / Дренажно-фекальные насосы / Фекальные,4,Побутові насоси,13241401,
c1_797,SANDI,Насосное оборудование / Погружные насосы / Погружные насосы шнековые,4,Свердловинні насоси,140309,
c1_786,SANDI,Насосное оборудование / Циркуляционные насосы / Циркуляционный насос для повышения давления,4,Побутові насоси,13241401,
c1_1093,SANDI,Радиаторы отопления / Стальные панельные радиаторы / Стальные панельные радиаторы тип 33,4,Радіатори опалення,13240104,
c1_616,SANDI,Сифоны и трапы / Сифоны / Сифоны для душовых поддонов,4,"Сифони, сантехнічні трапи",13240208,
c1_835,SANDI,Трубы и фитинги / Трубы и фитинги PPR / PPR вварное седло,4,Перехідники,13100607,
c1_308,SANDI,Аксессуары / Аксессуары и оборудование для общественных санузлов / Держатели для бумажных полотенец,3,Диспенсери,130105,
c1_277,SANDI,Аксессуары / Аксессуары и оборудование для общественных санузлов / Диспенсер для жидкого мыла,3,Диспенсери,130105,
c1_307,SANDI,Аксессуары / Аксессуары и оборудование для общественных санузлов / Фены настенные,3,Фени для волосся,617,
c1_379,SANDI,Душевые кабины и боксы / Комплектующие / Сиденья для душа,3,Аксесуари для ванних кімнат,154003,
c1_921,SANDI,Инструмент / Ножницы и труборезы,3,"Ручні труборізи, ножиці для труб",142612,
c1_352,SANDI,Керамика / Запчасти / Чаши для унитаза,3,"Унітази, бачки",130108,
c1_802,SANDI,Котельное оборудование / Автоматика / Автоматика для пеллетных горелок,3,Комплектуючі для опалювального обладнання,13240122,
c1_751,SANDI,Котельное оборудование / Электрические котлы / Электрические котлы однофазные,3,Електричні котли,14210102,
c1_755,SANDI,Насосное оборудование / Поверхностные вихревые насосы,3,Побутові насоси,13241401,
c1_738,SANDI,Насосное оборудование / Поверхностные самовсасывающие центробежные насосы / Поверхностные самовсасывающие центробежные насосы с нержавеющим корпусом насосной камеры,3,Побутові насоси,13241401,
c1_666,SANDI,Сифоны и трапы / Донные клапана / Донный клапан без перелива,3,"Комплектуючі, запчастини та витратні матеріали для сантехніки",13240219,
c1_125,SANDI,Сифоны и трапы / Комплектующие / Аксессуары для сифонов,3,"Комплектуючі, запчастини та витратні матеріали для сантехніки",13240219,
c1_100,SANDI,Сифоны и трапы / Комплектующие / Корпуса для трапов,3,"Сифони, сантехнічні трапи",13240208,
c1_545,SANDI,Сифоны и трапы / Сливные/наливные гарнитуры / Наливная арматура,3,"Комплектуючі, запчастини та витратні матеріали для сантехніки",13240219,
c1_520,SANDI,Сифоны и трапы / Сливные/наливные гарнитуры / Сливная арматура,3,"Комплектуючі, запчастини та витратні матеріали для сантехніки",13240219,
c1_126,SANDI,Сифоны и трапы / Фановые трубы / Фановые трубы для подключения сифона,3,"Комплектуючі, запчастини та витратні матеріали для сантехніки",13240219,
c1_72,SANDI,Смесители / Душевые системы / Душевая система скрытого монтажа на 3 потребителя,3,Душові набори й системи,130119,
c1_422,SANDI,Смесители / Смесители встроенного монтажа / Смеситель для душа скрытого монтажа,3,"Крани, змішувачі",130103,
c1_967,SANDI,Трубы и фитинги / Латунный фитинг / Латунный вентиль,3,Вентилі,13100613,
c1_841,SANDI,Трубы и фитинги / Трубы и фитинги PPR / PPR фильтры,3,Фільтри грубої очистки,13100629,
c1_856,SANDI,Трубы и фитинги / Трубы и фитинги для внутренней канализации / Хомут пластиковый для внутренней канализации,3,"Хомути, затискачі",420509,
c1_1107,SANDI,Трубы и фитинги / Трубы и фитинги для наружной канализации / Заглушки для наружной канализации,3,Заглушки,13100602,
c1_1110,SANDI,Трубы и фитинги / Трубы и фитинги для наружной канализации / Ревизия для наружной канализации,3,Ревізії для труб,13100651,
c1_1101,SANDI,Трубы и фитинги / Трубы и фитинги для наружной канализации / Резиновое уплотнение для наружной канализации,3,Прокладки гумові,801216,
c1_184,SANDI,Аксессуары / Аксессуары для ванной комнаты / Поручни,2,Аксесуари для ванних кімнат,154003,
c1_670,SANDI,Аксессуары / Аксессуары для кухни / Корзины для мойки,2,Аксесуари для кухонних мийок,13240224,
c1_251,SANDI,Аксессуары / Аксессуары и оборудование для общественных санузлов / Дезинфекторы,2,Диспенсери,130105,
c1_886,SANDI,Запорно-регулирующая арматура / Приборные краны / Трёхходовые приборные краны,2,"Кульові, коркові крани",13100606,
c1_902,SANDI,Запорно-регулирующая арматура / Фильтр для газа / Косой фильтр для газа,2,Побутові газові фільтри,13240601,
c1_390,SANDI,Зеркала / Зеркала напольные / Зеркала напольные с подсветкой,2,Дзеркала для ванних кімнат,130102,
c1_382,SANDI,Керамика / Запчасти / Крепления,2,"Комплектуючі, запчастини та витратні матеріали для сантехніки",13240219,
c1_30,SANDI,Керамика / Уриналы / Уриналы подвесные,2,Пісуари,130124,
c1_18,SANDI,Мойки / Комплектующие / Крепление для мойки,2,"Комплектуючі, запчастини та витратні матеріали для сантехніки",13240219,
c1_765,SANDI,Насосное оборудование / Гидроаккумуляторы / Гидроаккумуляторы горизонтальные,2,Гідроакумулятори,13240412,
c1_739,SANDI,Насосное оборудование / Поверхностные самовсасывающие центробежные насосы / Поверхностные самовсасывающие центробежные насосы многоступенчатые,2,Побутові насоси,13241401,
c1_1078,SANDI,Система отопления / Компоненты безопасности / Клапан антифриз для тепловых насосов,2,Клапани,13100633,
c1_124,SANDI,Сифоны и трапы / Комплектующие / Сухие затворы для трапов,2,"Сифони, сантехнічні трапи",13240208,
c1_310,SANDI,Смесители / Смесители для раковины / Смеситель для раковины бесконтактный,2,"Крани, змішувачі",130103,
c1_957,SANDI,Трубы и фитинги / Латунный фитинг / Латунная вставка для счетчика,2,Комплектуючі для лічильників побутові,13241502,
c1_969,SANDI,Трубы и фитинги / Латунный фитинг / Латунный крестовик,2,Хрестовини,13100642,
c1_848,SANDI,Трубы и фитинги / Трубы и фитинги для внутренней канализации / Клапаны для внутренней канализации,2,Клапани,13100633,
c1_1100,SANDI,Трубы и фитинги / Трубы и фитинги для наружной канализации / Переход для наружной канализации,2,Перехідники,13100607,
c1_1109,SANDI,Трубы и фитинги / Трубы и фитинги для наружной канализации / Редукция для наружной канализации,2,Перехідники,13100607,
c1_647,SANDI,Аксессуары / Аксессуары для кухни / Измельчители пищевых отходов,1,Диспоузери та утилізатори харчових відходів,13240221,
c1_278,SANDI,Аксессуары / Аксессуары и оборудование для общественных санузлов / Сушилки для рук,1,Сушарки для рук,614,
c1_907,SANDI,Запорно-регулирующая арматура / Краны шаровые / Шаровой кран 3-ходовой,1,"Кульові, коркові крани",13100606,
c1_910,SANDI,"Запорно-регулирующая арматура / Краны шаровые / Шаровой кран с ""Маевским""",1,"Кульові, коркові крани",13100606,
c1_918,SANDI,Запорно-регулирующая арматура / Редуктор давления / Редуктор давления для газа,1,Регулятори тиску,15370803,
c1_417,SANDI,Зеркала / Зеркала напольные / Зеркала напольные без подсветки,1,Дзеркала для ванних кімнат,130102,
c1_80,SANDI,Керамика / Уриналы / Уриналы напольные,1,Пісуари,130124,
c1_815,SANDI,Котельное оборудование / Комплектующие для котлов / Комплектующие для электрических котлов,1,Комплектуючі для опалювального обладнання,13240122,
c1_742,SANDI,Котельное оборудование / Твердотопливные котлы / Твердотопливный котёл-плита,1,Твердопаливні котли,14210103,
c1_784,SANDI,Насосное оборудование / Канализационные насосные установки / Канализационная насосная установка для раковины,1,Побутові насоси,13241401,
c1_781,SANDI,Насосное оборудование / Канализационные насосные установки / Канализационная насосная установка для унитаза,1,Побутові насоси,13241401,
c1_813,SANDI,Насосное оборудование / Комплектующие для насосов / Кабель,1,Запчастини та аксесуари для насосів,13241405,
c1_867,SANDI,Радиаторы отопления / Комплектующие для радиаторов / Ниппели для радиаторов,1,Запчастини і комплектуючі для радіаторів,13240115,
c1_843,SANDI,Радиаторы отопления / Секционные радиаторы / Алюминиевые радиаторы,1,Радіатори опалення,13240104,
c1_1019,SANDI,Система отопления / Компоненты безопасности / Защита от гидроудара,1,Групи безпеки,13240130,
c1_1022,SANDI,Система отопления / Термостаты / Термостаты накладные,1,Побутові терморегулятори,13240901,
c1_1080,SANDI,Смесители / Душевые системы / Душевая система наружного монтажа на 1 потребителя,1,Душові набори й системи,130119,
c1_37,SANDI,Смесители / Запорные краны для уринала / Запорные краны для уринала безконтактные,1,"Крани, змішувачі",130103,
c1_57,SANDI,Смесители / Запорные краны для уринала / Запорные краны для уринала механические,1,"Крани, змішувачі",130103,
c1_970,SANDI,Трубы и фитинги / Латунный фитинг / Латунный пятерник,1,Запчастини та аксесуари для насосів,13241405,
c1_974,SANDI,Трубы и фитинги / Латунный фитинг / Эксцентрик,1,Запчастини для змішувачів,13240217,
c2_Pr694,VALESO,Сантехніка / Гранітні мийки / Матові мийки VALESO,937,Кухонні мийки,1302,
c2_Pr631,VALESO,Сантехніка / Мийки з нержавійки / Мийки Handmade VALESO,188,Кухонні мийки,1302,
c2_Pr717,VALESO,Сантехніка / Змішувачі / Змішувачі під колір гранітних мийок,170,"Крани, змішувачі",130103,
c2_Pr626,VALESO,Сантехніка / Змішувачі / Змішувачі для кухні,125,"Крани, змішувачі",130103,
c2_Pr612,VALESO,"Сантехніка / Мийки з нержавійки / Мийки товщина 0,5–0,8 мм",90,Кухонні мийки,1302,
c2_Pr615,VALESO,Сантехніка / Аксесуари / Дозатори,47,Аксесуари для кухонних мийок,13240224,
c2_Pr628,VALESO,Сантехніка / Змішувачі / Змішувачі для ванної,37,Душові набори й системи,130119,
c2_Pr347,VALESO,Сантехніка / Мийки з нержавійки / Аксесуари для мийок,35,"Сифони, сантехнічні трапи",13240208,
c2_Pr627,VALESO,Сантехніка / Змішувачі / Рукомийники,33,"Крани, змішувачі",130103,
c2_Pr778,VALESO,Сантехніка / Умивальники / Умивальники керамічні,28,Умивальники і п'єдестали,130110,
c2_Pr622,VALESO,Сантехніка / Аксесуари / Полички для ванної,24,Полки і етажерки для ванних кімнат,13018005,
c2_Pr306,VALESO,Сантехніка / Гранітні мийки / Аксесуари для мийок,18,"Сифони, сантехнічні трапи",13240208,
c2_Pr613,VALESO,Сантехніка / Аксесуари / Аератори,16,Запчастини для змішувачів,13240217,
c2_Pr620,VALESO,Сантехніка / Аксесуари / Лійки для душу та тримачі,16,"Комплектуючі, запчастини та витратні матеріали для сантехніки",13240219,
c2_Pr614,VALESO,Сантехніка / Аксесуари / Гачки та тримачі,15,Тримачі рушників,130122,
c2_Pr618,VALESO,Сантехніка / Аксесуари / Килимки для мийок,12,Аксесуари для кухонних мийок,13240224,
c2_Pr625,VALESO,Сантехніка / Аксесуари / Щітки для унітазу,11,Йоржики для унітазу,154001,
c2_Pr619,VALESO,Сантехніка / Аксесуари / Кошики в мийку,7,Аксесуари для кухонних мийок,13240224,
c2_Pr623,VALESO,Сантехніка / Аксесуари / Тримачі для паперу,7,Тримачі для паперу,130115,
c2_Pr693,VALESO,Сантехніка / Аксесуари / Поручні для ванної,5,Аксесуари для ванних кімнат,154003,
c2_Pr624,VALESO,Сантехніка / Аксесуари / Шланги,5,Гнучкі шланги для підключення води та газу,13240206,
c2_Pr616,VALESO,Сантехніка / Аксесуари / Душові стійки,4,Душові штанги,130183,
c2_Pr299,VALESO,Сантехніка / Аксесуари / Тримачі для зубних щіток,3,Підставки і стакани для зубних щіток,154009,
c2_Pr330,VALESO,Сантехніка / Змішувачі / Гусаки для гнучкого змішувача,3,Виливи,13240216,
c2_Pr777,VALESO,Сантехніка / Умивальники / Аксесуари для умивальників,3,"Сифони, сантехнічні трапи",13240208,
c2_Pr287,VALESO,Сантехніка / Аксесуари / Відра для сміття,2,Відра для сміття,151412,
c2_Pr617,VALESO,Сантехніка / Аксесуари / Картриджи,2,Запчастини для змішувачів,13240217,
c2_Pr621,VALESO,Сантехніка / Аксесуари / Мильниці,2,Мильниці,130121,
c2_Pr629,VALESO,Сантехніка / Аксесуари / Рінзери (ополіскувачі),2,Аксесуари для кухонних мийок,13240224,
c2_Pr319,VALESO,Сантехніка / Змішувачі / Комплектуючі для ремонту,2,Запчастини для змішувачів,13240217,
c2_Pr780,VALESO,Сантехніка / Умивальники / Умивальники металеві,2,Умивальники і п'єдестали,130110,
c2_Pr284,VALESO,Сантехніка / Аксесуари / Дошки для нарізання,1,Аксесуари для кухонних мийок,13240224,
c2_Pr303,VALESO,Сантехніка / Аксесуари / Подрібнювачі,1,Диспоузери та утилізатори харчових відходів,13240221,
c3_64,RS4U,Системы PPR / Фитинги PPR / Уголки и планки PPR,82,Косинці для труб,13100601,
c3_544,RS4U,Смесители и аксессуары / Смесители для умывальника / Литые смесители - умывальник,68,"Крани, змішувачі",130103,
c3_527,RS4U,Смесители и аксессуары / Смесители для кухни / Картриджные высокие,64,"Крани, змішувачі",130103,
c3_52,RS4U,Системы PPR / Трубы PPR,62,Труби з поліпропілену,131019,
c3_89,RS4U,Насосная техника / Скважинные насосы,58,Запчастини та аксесуари для насосів,13241405,
c3_455,RS4U,Смесители и аксессуары / Смесители для душа / Настенные смесители для душа,56,"Крани, змішувачі",130103,
c3_449,RS4U,Наружный водопровод / Краны и фитинги для труб PE / Фитинги для PE / Муфты ПНД,55,"Муфти для труб, монтажні гільзи",13100610,
c3_43,RS4U,Запорная арматура / Краны шаровые / Краны для воды,54,"Кульові, коркові крани",13100606,
c3_451,RS4U,Наружный водопровод / Краны и фитинги для труб PE / Фитинги для PE / Тройники ПНД,52,Трійники,13100611,
c3_227,RS4U,Системы PPR / Фитинги PPR / Тройники PPR / Редукционные,51,Трійники,13100611,
c3_450,RS4U,Наружный водопровод / Краны и фитинги для труб PE / Фитинги для PE / Колени ПНД,42,Косинці для труб,13100601,
c3_214,RS4U,Системы PPR / Фитинги PPR / Муфты PPR / Комбинированные,42,"Муфти для труб, монтажні гільзи",13100610,
c3_216,RS4U,Системы PPR / Фитинги PPR / Муфты PPR / Редукционные,39,"Муфти для труб, монтажні гільзи",13100610,
c3_147,RS4U,Смесители и аксессуары / Смесители для ванны / Короткие,39,"Крани, змішувачі",130103,
c3_107,RS4U,Наружный водопровод / Капельный полив,38,"Дощувателі, зрошувачі, крапельниці для поливу",1250342,
c3_456,RS4U,Смесители и аксессуары / Смесители для душа / Душевые панели,33,Душові набори й системи,130119,
c3_110,RS4U,Наружный водопровод / Краны и фитинги для труб PE / Хомуты для PE,31,"Хомути, затискачі",420509,
c3_211,RS4U,Запорная арматура / Краны угловые (приборные),29,"Кульові, коркові крани",13100606,
c3_197,RS4U,Системы очистки воды / Картриджи для фильтров,29,Картриджі для побутових фільтрів води,13240417,
c3_153,RS4U,Смесители и аксессуары / Комплектующие к смесителям / Лейки для душа,28,Лійки для душу,130106,
c3_88,RS4U,Насосная техника / Гидроаккумуляторы,27,Гідроакумулятори,13240412,
c3_73,RS4U,Системы PPR / Фитинги PPR / Клипсы PPR,24,"Хомути, затискачі",420509,
c3_226,RS4U,Системы PPR / Фитинги PPR / Тройники PPR / Комбинированные,24,Трійники,13100611,
c3_103,RS4U,Наружный водопровод / Трубы PE,23,Труби з поліетилену,131020,
c3_128,RS4U,Водоотвод / Арматура для бачков / Бачки и крышки для унитазов,22,"Комплектуючі, запчастини та витратні матеріали для сантехніки",13240219,
c3_130,RS4U,Водоотвод / Арматура для бачков / Смыв воды - кнопки,22,"Комплектуючі, запчастини та витратні матеріали для сантехніки",13240219,
c3_108,RS4U,Наружный водопровод / Краны и фитинги для труб PE / Краны для PE,22,"Кульові, коркові крани",13100606,
c3_196,RS4U,Системы очистки воды / Колбы,22,Побутові проточні фільтри,13240402,
c3_62,RS4U,Системы PPR / Фитинги PPR / Американки PPR,21,З'єднання «американка»,13100648,
c3_68,RS4U,Системы PPR / Фитинги PPR / Коллекторы PPR,21,Колектори,13240211,
c3_146,RS4U,Смесители и аксессуары / Смесители для ванны / Поворотные дл.нос,21,"Крани, змішувачі",130103,
c3_184,RS4U,Бойлеры и котлы / Бойлеры накопительные,20,Комплектуючі для водонагрівачів,13241102,
c3_129,RS4U,Водоотвод / Арматура для бачков / Подача воды в бачок,20,"Комплектуючі, запчастини та витратні матеріали для сантехніки",13240219,
c3_86,RS4U,Насосная техника / Мембраны,20,Комплектуючі для гідроакумуляторів,13240414,
c3_225,RS4U,Системы PPR / Фитинги PPR / Тройники PPR / Соединительные,20,Трійники,13100611,
c3_201,RS4U,Счетчики / Счетчики стандарт,20,Комплектуючі для лічильників побутові,13241502,
c3_87,RS4U,Насосная техника / Расширительные баки,19,Розширювальні баки,13240113,
c3_85,RS4U,Насосная техника / Циркуляционные насосы,19,Побутові насоси,13241401,
c3_66,RS4U,Системы PPR / Фитинги PPR / Краны шаровые PPR,19,"Кульові, коркові крани",13100606,
c3_70,RS4U,Системы PPR / Фитинги PPR / Обводы и крестовины PPR,19,Хрестовини,13100642,
c3_96,RS4U,Насосная техника / Поверхностные насосы,18,Побутові насоси,13241401,
c3_92,RS4U,Насосная техника / Насосные станции,17,Насосні станції,140305,
c3_213,RS4U,Системы PPR / Фитинги PPR / Муфты PPR / Соединительные,16,"Муфти для труб, монтажні гільзи",13100610,
c3_543,RS4U,Смесители и аксессуары / Смесители для умывальника / Высокие смесители - умывальник,16,"Крани, змішувачі",130103,
c3_69,RS4U,Системы PPR / Фитинги PPR / Фильтры и клапаны PPR,15,Клапани,13100633,
c3_199,RS4U,Системы очистки воды / Фильтры BigBlue (BB),15,Картриджі для побутових фільтрів води,13240417,
c3_154,RS4U,Смесители и аксессуары / Комплектующие к смесителям / Шланги для душа,15,Шланги для душу,13240223,
c3_115,RS4U,Водоотвод / Гофротрубы и манжеты,14,"Комплектуючі, запчастини та витратні матеріали для сантехніки",13240219,
c3_181,RS4U,Насосная техника / Комплектующие к насосам / Шланги антивибрационные,14,Гнучкі шланги для підключення води та газу,13240206,
c3_72,RS4U,Системы PPR / Фитинги PPR / Заглушки PPR,14,Заглушки,13100602,
c3_239,RS4U,"Водоотвод / Канализация / Внутренняя канализация / Фитинг для внутр.канализации / Патрубки, эксцентрики для канализации",13,"Комплектуючі, запчастини та витратні матеріали для сантехніки",13240219,
c3_124,RS4U,Водоотвод / Сифоны / Сифоны для мойки,13,"Сифони, сантехнічні трапи",13240208,
c3_525,RS4U,Смесители и аксессуары / Аксессуары ванна/кухня / Шторки и штанги,13,Шторки для ванни і душу,154006,
c3_48,RS4U,Запорная арматура / Краны-американки / Прямые краны-американки,12,"Кульові, коркові крани",13100606,
c3_111,RS4U,Наружный водопровод / Аксессуары для полива / Адаптеры и коннекторы,12,Фітинги та крани для поливальних систем,1250346,
c3_71,RS4U,Системы PPR / Фитинги PPR / Фланцы и бурты PPR,12,Фланці,13100608,
c3_67,RS4U,Системы PPR / Фитинги PPR / Радиаторные краны PPR,11,Запчастини і комплектуючі для радіаторів,13240115,
c3_28,RS4U,Запорная арматура / Манометры термоманометры,9,Манометри,15370801,
c3_182,RS4U,Насосная техника / Насосы для дренажа и канализации / Дренажные,9,Побутові насоси,13241401,
c3_183,RS4U,Насосная техника / Насосы для дренажа и канализации / Фекальные,9,Побутові насоси,13241401,
c3_75,RS4U,Системы PPR / Инструменты для PPR / Паяльники и насадки,9,Обладнання для зварювання та паяння пластикових труб,144007,
c3_215,RS4U,Системы PPR / Фитинги PPR / Муфты PPR / С накидной гайкой,9,"Муфти для труб, монтажні гільзи",13100610,
c3_152,RS4U,Смесители и аксессуары / Комплектующие к смесителям / Гусаки,9,Виливи,13240216,
c3_546,RS4U,Смесители и аксессуары / Смесители для умывальника / Настенные смесители - умывальник,9,"Крани, змішувачі",130103,
c3_127,RS4U,Водоотвод / Сифоны / Комплектующие для сифонов,8,"Сифони, сантехнічні трапи",13240208,
c3_122,RS4U,Водоотвод / Сифоны / Сифоны для ванны,8,"Сифони, сантехнічні трапи",13240208,
c3_22,RS4U,Запорная арматура / Клапаны обратного хода,8,Клапани,13100633,
c3_155,RS4U,Смесители и аксессуары / Комплектующие к смесителям / Разные запчасти для смесителей,8,Запчастини для змішувачів,13240217,
c3_501,RS4U,Запорная арматура / Краны радиаторные + арматура / Крани для радіаторів,7,Запчастини і комплектуючі для радіаторів,13240115,
c3_452,RS4U,Наружный водопровод / Краны и фитинги для труб PE / Фитинги для PE / Заглушки ПНД,7,Заглушки,13100602,
c3_554,RS4U,Насосная техника / Комплектующие к насосам / Инверторы для насосов,7,Запчастини та аксесуари для насосів,13241405,
c3_200,RS4U,Системы очистки воды / Комплектующие для фильтров,7,Комплектуючі до побутових фільтрів,13240409,
c3_198,RS4U,Системы очистки воды / Фильтры от накипи,7,Побутові проточні фільтри,13240402,
c3_409,RS4U,Смесители и аксессуары / Комплектующие к смесителям / Кранбуксы,7,Запчастини для змішувачів,13240217,
c3_149,RS4U,Смесители и аксессуары / Смесители для кухни / Вентильные (елочка),7,"Крани, змішувачі",130103,
c3_46,RS4U,Запорная арматура / Краны шаровые / Краны для полива,6,Фітинги та крани для поливальних систем,1250346,
c3_113,RS4U,Наружный водопровод / Аксессуары для полива / Пистолеты распыливающие,6,Пістолети і насадки для поливу,1250343,
c3_105,RS4U,Наружный водопровод / Шланги для полива,6,Шланги для поливу,1250354,
c3_231,RS4U,Насосная техника / Комплектующие к насосам / Контроллеры давления,6,Запчастини та аксесуари для насосів,13241405,
c3_535,RS4U,Смесители и аксессуары / Смесители для душа / Гигиенический душ,6,Гігієнічні душі,13240225,
c3_148,RS4U,Смесители и аксессуары / Смесители для кухни / Настенные,6,"Крани, змішувачі",130103,
c3_49,RS4U,Запорная арматура / Краны-американки / Угловые краны-американки,5,"Кульові, коркові крани",13100606,
c3_21,RS4U,Запорная арматура / Фильтры грубой очистки,5,Фільтри грубої очистки,13100629,
c3_180,RS4U,Насосная техника / Комплектующие к насосам / Поплавки,5,Запчастини та аксесуари для насосів,13241405,
c3_176,RS4U,Насосная техника / Комплектующие к насосам / Реле,5,Запчастини та аксесуари для насосів,13241405,
c3_408,RS4U,Смесители и аксессуары / Комплектующие к смесителям / Аэраторы,5,Запчастини для змішувачів,13240217,
c3_531,RS4U,Смесители и аксессуары / Разноцветные смесители,5,"Крани, змішувачі",130103,
c3_512,RS4U,VALOGIN / Резьбовые фитинги V&G,4,Запчастини та аксесуари для насосів,13241405,
c3_123,RS4U,Водоотвод / Сифоны / Сифоны для душа,4,"Сифони, сантехнічні трапи",13240208,
c3_26,RS4U,Запорная арматура / Воздухоотводчики,4,Повітровідводи,13100627,
c3_44,RS4U,Запорная арматура / Краны шаровые / Краны для газа,4,"Кульові, коркові крани",13100606,
c3_24,RS4U,Запорная арматура / Редукторы,4,Регулятори тиску,15370803,
c3_177,RS4U,Насосная техника / Комплектующие к насосам / Фланцы,4,Запчастини та аксесуари для насосів,13241405,
c3_217,RS4U,Системы PPR / Фитинги PPR / Муфты PPR / Разборные,4,"Муфти для труб, монтажні гільзи",13100610,
c3_407,RS4U,Смесители и аксессуары / Комплектующие к смесителям / Держатели и стойки,4,"Комплектуючі, запчастини та витратні матеріали для сантехніки",13240219,
c3_530,RS4U,Смесители и аксессуары / Смесители для кухни / С подкл. фильтра,4,"Крани, змішувачі",130103,
c3_126,RS4U,Водоотвод / Сифоны / Сифоны для умывальника,3,"Сифони, сантехнічні трапи",13240208,
c3_441,RS4U,Запорная арматура / Краны шаровые / Запчасти д/кранов,3,"Кульові, коркові крани",13100606,
c3_25,RS4U,Запорная арматура / Предохранительные клапаны,3,Клапани,13100633,
c3_112,RS4U,Наружный водопровод / Аксессуары для полива / Муфты ремонтные,3,Фітинги та крани для поливальних систем,1250346,
c3_114,RS4U,Наружный водопровод / Аксессуары для полива / Распылители,3,"Дощувателі, зрошувачі, крапельниці для поливу",1250342,
c3_178,RS4U,Насосная техника / Комплектующие к насосам / Пульты для насосов,3,Запчастини та аксесуари для насосів,13241405,
c3_459,RS4U,Насосная техника / Комплектующие к насосам / Шнеки,3,Запчастини та аксесуари для насосів,13241405,
c3_74,RS4U,Системы PPR / Инструменты для PPR / Ножницы для труб,3,"Ручні труборізи, ножиці для труб",142612,
c3_142,RS4U,Смесители и аксессуары / Смесители для биде,3,"Крани, змішувачі",130103,
c3_141,RS4U,Смесители и аксессуары / Смесители для кухни,3,"Крани, змішувачі",130103,
c3_150,RS4U,Смесители и аксессуары / Смесители для кухни / Картриджные стандартные,3,"Крани, змішувачі",130103,
c3_444,RS4U,Смесители и аксессуары / УЦЕНКА - смесители,3,"Крани, змішувачі",130103,
c3_125,RS4U,Водоотвод / Сифоны / Сифоны для писсуара и ст.машин,2,"Сифони, сантехнічні трапи",13240208,
c3_453,RS4U,Наружный водопровод / Краны и фитинги для труб PE / Фитинги для PE / Другие фитинги ПНД,2,"Фітинги для труб, загальне",13100609,
c3_175,RS4U,Насосная техника / Комплектующие к насосам / Гребенки,2,Запчастини та аксесуари для насосів,13241405,
c3_397,RS4U,Насосная техника / Комплектующие к насосам / Манометры,2,Манометри,15370801,
c3_406,RS4U,Смесители и аксессуары / Комплектующие к смесителям / Картриджи для смесителей,2,Запчастини для змішувачів,13240217,
c3_410,RS4U,Смесители и аксессуары / Комплектующие к смесителям / Крепления для смесителей,2,Запчастини для змішувачів,13240217,
c3_526,RS4U,Смесители и аксессуары / Смесители для кухни / Монокраны,2,"Крани, змішувачі",130103,
c3_433,RS4U,Бойлеры и котлы / Комплектующие для бойлеров,1,Комплектуючі для водонагрівачів,13241102,
c3_240,RS4U,Водоотвод / Канализация / Внутренняя канализация / Фитинг для внутр.канализации / Переходники (редукции) для канализации,1,"Комплектуючі, запчастини та витратні матеріали для сантехніки",13240219,
c3_23,RS4U,Запорная арматура / Группы безопасности котла,1,Групи безпеки,13240130,
c3_502,RS4U,Запорная арматура / Краны радиаторные + арматура / Термоголовки,1,Запчастини і комплектуючі для радіаторів,13240115,
c3_58,RS4U,Металлопластиковые системы / Коллекторы,1,Колектори,13240211,
c3_421,RS4U,Подводка вода/газ / Жесткие подводки,1,Запчастини для змішувачів,13240217,
c3_76,RS4U,Системы PPR / Инструменты для PPR / Прочие инструменты,1,Обладнання для будівництва та ремонту трубопроводів,1435,
c3_228,RS4U,Системы PPR / Фитинги PPR / Тройники PPR / С накидной гайкой,1,Трійники,13100611,
c3_143,RS4U,Смесители и аксессуары / Комплектующие к смесителям,1,Запчастини для змішувачів,13240217,
c3_248,RS4U,Смесители и аксессуары / Нержавеющие смесители,1,"Крани, змішувачі",130103,
c3_532,RS4U,"Смесители и аксессуары / Разноцветные смесители / Разноцв. смесители - ванна, душ",1,"Крани, змішувачі",130103,
c3_232,RS4U,Смесители и аксессуары / Смесители для умывальника,1,"Крани, змішувачі",130103,
c3_202,RS4U,Счетчики / Счетчики под заказ,1,Лічильники води,15370405,
c4_11,B2B-SKLAD,Сантехника / Смесители,1054,"Крани, змішувачі",130103,
c4_89,B2B-SKLAD,Трубы и фитинги / Фитинги для полипропиленовых труб,606,"Муфти для труб, монтажні гільзи",13100610,
c4_52,B2B-SKLAD,Запорная арматура / Переходники,600,Комплектуючі для лічильників побутові,13241502,
c4_30,B2B-SKLAD,Сантехника / Аксессуары,283,Тримачі для паперу,130115,
c4_60,B2B-SKLAD,Сантехника / Комплектующие для смесителей,252,Виливи,13240216,
c4_88,B2B-SKLAD,Трубы и фитинги / Фитинги для полиэтиленовых труб,169,Сіделки для труб,13100643,
c4_44,B2B-SKLAD,Сантехника / Душевые системы,154,Душові набори й системи,130119,
c4_51,B2B-SKLAD,Запорная арматура / Краны шаровые,148,"Кульові, коркові крани",13100606,
c4_59,B2B-SKLAD,Сантехника / Душевые лейки,143,Лійки для душу,130106,
c4_41,B2B-SKLAD,Трубы и фитинги / Фитинги для канализационных,141,"Комплектуючі, запчастини та витратні матеріали для сантехніки",13240219,
c4_111,B2B-SKLAD,Шланги / Шланги водяные,117,Гнучкі шланги для підключення води та газу,13240206,
c4_56,B2B-SKLAD,Сантехника / Сифоны,92,"Сифони, сантехнічні трапи",13240208,
c4_53,B2B-SKLAD,Запорная арматура / Краны приборные,86,"Кульові, коркові крани",13100606,
c4_26,B2B-SKLAD,Водоочистка / Картриджи,83,Картриджі для побутових фільтрів води,13240417,
c4_112,B2B-SKLAD,Шланги / Шланги для смесителей,81,Гнучкі шланги для підключення води та газу,13240206,
c4_62,B2B-SKLAD,Сантехника / Душевые шланги,64,Шланги для душу,13240223,
c4_95,B2B-SKLAD,Сантехника / Дозаторы,60,Запчастини для змішувачів,13240217,
c4_36,B2B-SKLAD,Сантехника / Трапы,60,"Сифони, сантехнічні трапи",13240208,
c4_49,B2B-SKLAD,Запорная арматура / Клапана обратного хода,59,Клапани,13100633,
c4_47,B2B-SKLAD,Запорная арматура / Краны с накидной гайкой,59,"Кульові, коркові крани",13100606,
c4_64,B2B-SKLAD,Сантехника / Арматура,52,"Комплектуючі, запчастини та витратні матеріали для сантехніки",13240219,
c4_63,B2B-SKLAD,Сантехника / Сиденье для унитаза,50,Кришки для унітазів,130184,
c4_54,B2B-SKLAD,Запорная арматура / Фильтры,38,Фільтри грубої очистки,13100629,
c4_40,B2B-SKLAD,Трубы и фитинги / Трубы канализационные,36,Труби з поліпропілену,131019,
c4_50,B2B-SKLAD,Запорная арматура / Краны радиаторные,31,Запчастини і комплектуючі для радіаторів,13240115,
c4_96,B2B-SKLAD,Сантехника / Комплектующие для душа,29,"Комплектуючі, запчастини та витратні матеріали для сантехніки",13240219,
c4_28,B2B-SKLAD,Водоочистка / Фильтры-колбы,26,Побутові проточні фільтри,13240402,
c4_48,B2B-SKLAD,Запорная арматура / Сгон американка,25,З'єднання «американка»,13100648,
c4_105,B2B-SKLAD,Шланги / Шланги для стиральных машин,25,Гнучкі шланги для підключення води та газу,13240206,
c4_108,B2B-SKLAD,Шланги / Шланги антивибрационные,24,Гнучкі шланги для підключення води та газу,13240206,
c4_109,B2B-SKLAD,Шланги / Шланги газовые,24,Гнучкі шланги для підключення води та газу,13240206,
c4_61,B2B-SKLAD,Сантехника / Душевые cтойки,21,Душові штанги,130183,
c4_45,B2B-SKLAD,Водоочистка / Комплектующие,19,Комплектуючі до побутових фільтрів,13240409,
c4_104,B2B-SKLAD,Шланги / Фитинги для садовых шлангов,18,Фітинги та крани для поливальних систем,1250346,
c4_42,B2B-SKLAD,Шланги / Шланги садовые,17,Шланги для поливу,1250354,
c4_93,B2B-SKLAD,Запорная арматура / Краны для полива,13,Фітинги та крани для поливальних систем,1250346,
c4_73,B2B-SKLAD,Сантехника / Счетчики воды,11,Лічильники води,15370405,
c4_94,B2B-SKLAD,Запорная арматура / Редукторы,10,Регулятори тиску,15370803,
c4_32,B2B-SKLAD,Водоочистка / Многоступенчатые системы,9,Побутові проточні фільтри,13240402,
c4_91,B2B-SKLAD,Запорная арматура / Воздухоотводчики,8,Повітровідводи,13100627,
c4_33,B2B-SKLAD,Водоочистка / Загрузки,5,Комплектуючі до побутових фільтрів,13240409,
c4_27,B2B-SKLAD,Водоочистка / Системы обратного осмоса,5,Побутові фільтри зворотного осмосу,13240408,
c4_92,B2B-SKLAD,Запорная арматура / Задвижки,5,Вентилі,13100613,
c4_46,B2B-SKLAD,Водоочистка / Системы комплексной очистки,3,Побутові проточні фільтри,13240402,
c5_d191ae68-f2ee-4472-8036-e37d06c8ffc9,OL Infrastructure,Водоочищення,83,Картриджі для побутових фільтрів води,13240417,
